,A,B,C,D
2000-01-01,-0.12673557059293014,0.7993716885641385,-0.011475186809942733,1.325191609857591
2000-01-02,-1.451446595902611,1.4403945912737555,-0.16961428299250725,0.8759431672943103
2000-01-03,-2.8143315299976916,1.6685959296927622,0.9702537875086604,2.147052825500819
2000-01-04,-3.139782381997118,0.2784998715886098,0.4235677783316666,0.18447213584925604
2000-01-05,-2.5342433921020904,0.910342236813331,0.6125951377622745,1.2302482903887613
2000-01-06,-3.094699746172533,0.26046091812523675,1.4708325876098243,2.4394469704794792
2000-01-07,-5.002778422990574,1.2965816032423252,1.379315909571419,3.1621005928704835
2000-01-08,-3.980086102992895,-0.06357842788501022,1.9884102034468027,2.8178821711602136
2000-01-09,-3.4425585857444614,1.0544979432702137,2.039396256172425,3.219247083977824
2000-01-10,-4.8810439107144425,1.2069215894962944,3.859536820837499,3.036615725246425
2000-01-11,-5.716964716356404,2.0565756971751674,2.9793058870250935,3.6929418475061078
2000-01-12,-3.8230926535783136,1.5796114801021666,4.7477010789595315,3.733919352197546
2000-01-13,-3.362782916412277,0.8486561716545559,4.363414716839893,2.4001084708035023
2000-01-14,-3.66626283135805,-0.3661947143459604,5.383479230065856,4.502116638631771
2000-01-15,-2.6879455745334004,-1.563289489015944,5.615732989995647,4.426132758005384
2000-01-16,-3.474760336173564,-0.916270371143392,5.274500619631244,4.822229840243319
2000-01-17,-2.2325359015772666,-2.1036572676792145,5.252797742009232,7.2709895690946205
2000-01-18,-1.6194164628762602,-2.9974576682069927,4.623417382178541,8.141356887297126
2000-01-19,-2.5752841698184867,-2.1945121294897936,3.339408061465566,9.243286758518598
2000-01-20,-2.2723849853494404,-2.0896024455970257,2.705588152560064,9.768465378020924
2000-01-21,-4.8052928866357245,-1.0846104841842976,3.185482516535331,11.421113940024448
2000-01-22,-3.652032863631407,-0.8123775990036505,3.7178528905767942,12.382212467218956
2000-01-23,-2.099032588090031,-1.5491812076180136,3.4188658917401464,12.390153210819578
2000-01-24,-2.902810391827047,-3.75536967936121,4.53899094051256,13.600767719141821
2000-01-25,-4.9232009970979185,-4.234717203459581,4.364970250936991,12.877937471637544
2000-01-26,-4.818835385295776,-4.075388842943908,3.8396577989197347,13.616389032250588
2000-01-27,-4.44077394466622,-4.723568327138174,3.694995394373467,15.90837436634822
2000-01-28,-5.115832286932206,-4.359550369300085,2.7983214225169375,13.300396736813063
2000-01-29,-4.8546895541411414,-4.173880983765049,2.5782698419212537,13.608665572161494
2000-01-30,-3.9594063069852683,-5.719236168371621,5.3209951774911275,14.652930744697501
2000-01-31,-3.642945206717248,-4.963457217810072,4.4541818685933805,14.942822028601856
2000-02-01,-2.981331742629064,-5.195198902362011,5.034354817427377,15.817926975591375
2000-02-02,-5.229746216407754,-5.687963674130299,4.728257793989936,14.801997453655598
2000-02-03,-5.372963760126927,-4.000688082380901,5.856849239200073,15.724503945279942
2000-02-04,-4.640074019950224,-4.820349313433062,5.505249260324003,16.84593993779087
2000-02-05,-4.67597130386377,-5.351723710189713,5.390408966535865,17.23799803183014
2000-02-06,-3.5822125489228918,-4.8883660673416465,4.5532875945469184,16.766916409737053
2000-02-07,-3.4631354152871263,-4.317263327442298,5.822050309599614,17.373470425423243
2000-02-08,-3.4921058117707346,-5.871385537671694,5.060237024057321,19.237257977557398
2000-02-09,-2.3090924228992913,-5.638733701745073,3.3312678181646564,19.878195018796426
2000-02-10,-4.2492222442478225,-5.716369785734986,4.37572168408852,20.243865974515963
2000-02-11,-4.36340135298567,-6.827944175943983,6.43664506636042,20.651425190940067
2000-02-12,-4.750012757162101,-7.716867126597323,6.1642858238636125,19.658811569904238
2000-02-13,-5.599105651237268,-9.075930301383078,6.582510756119619,18.985737102515422
2000-02-14,-3.6510540572947185,-8.063774842446925,5.496003342062109,17.460174240808232
2000-02-15,-4.528937559751444,-7.3459418820291145,4.714726762783895,15.639450508611635
2000-02-16,-3.7487553422507762,-5.971485003204975,4.950521652391735,15.264486350536737
2000-02-17,-3.9950609607650653,-6.441310163735304,4.6142069642832055,14.796953665216533
2000-02-18,-3.5741545134055976,-7.195523031682402,3.981349568245605,14.846426725581946
2000-02-19,-2.78231879315063,-7.568904589155108,4.063979244589216,16.36772381001742
2000-02-20,-1.7446662139381397,-7.86297726733718,5.214176394452393,14.865609694167562
2000-02-21,-2.5976776820015846,-8.147465818580747,3.6061414461060908,16.212169735278422
2000-02-22,-3.320074513593012,-8.437612697399205,4.828537514456504,18.191896545749646
2000-02-23,-2.720190707696503,-8.381487357429442,3.4555717500883634,18.701151578241088
2000-02-24,-3.517725814482897,-7.938067421242749,3.349016035552771,18.321644941818473
2000-02-25,-5.546810648859555,-7.666256356679661,4.670320642114967,17.62001159261188
2000-02-26,-5.0065913037159575,-8.28484573814357,2.8885729368409843,18.48282830188797
2000-02-27,-3.3270662932840276,-7.549882531809561,2.2404322922384123,19.647222543787894
2000-02-28,-4.154792370841424,-8.394168220911881,2.2492937200090513,19.759580887952573
2000-02-29,-5.215983260424815,-8.918046727534517,1.4972419970193545,19.381155763819027
2000-03-01,-5.215690682474731,-8.191057503757223,1.82675569835998,19.329968880369385
2000-03-02,-4.146858994417796,-8.302183808875661,1.4266727762529867,18.73567553743932
2000-03-03,-3.3627418020538236,-8.03967616913792,0.3461255341819085,18.71168077752141
2000-03-04,-4.60526913284598,-6.130638549147466,-1.6650684681364656,19.952171750851576
2000-03-05,-5.425305745747399,-4.902142291735562,-4.329232289054001,19.136504119009995
2000-03-06,-4.509705569855269,-5.398299210465177,-4.321531264573484,20.786160182659593
2000-03-07,-5.331368201690087,-5.692698708377328,-5.329559042407347,20.05115492197381
2000-03-08,-6.278447152648017,-6.39099024757733,-4.782508358116629,20.649842701384333
2000-03-09,-6.526504665162968,-6.751771370479476,-5.06060103760923,20.441195641646527
2000-03-10,-8.345311917117153,-7.09543705906822,-3.7257254755397105,20.69457397498844
2000-03-11,-9.044911505056477,-6.063888101631599,-4.017525559542613,20.487313529622888
2000-03-12,-8.614087017430197,-6.097249573422184,-4.72766881606579,20.49152563933013
2000-03-13,-9.72441798726056,-6.304717284758804,-6.722444495396255,21.662298675721953
2000-03-14,-9.741396719244705,-5.665074852938984,-8.19113625946627,20.78523184105653
2000-03-15,-9.535597914573621,-4.768259861389394,-6.644747172909996,19.40627659726565
2000-03-16,-10.716102297437882,-5.330660700638968,-4.333672385207419,19.43127487754026
2000-03-17,-11.091953708044153,-6.309670279691204,-3.5569133675225206,17.45328788612025
2000-03-18,-10.01416734749844,-7.439509930950651,-5.8733809941413355,17.295791955483804
2000-03-19,-10.33844617825747,-7.725306161676636,-5.692621702503209,15.657739983514238
2000-03-20,-9.721794550216114,-8.113977883939317,-5.434610227536783,15.388532941232821
2000-03-21,-10.781560801633782,-7.102017033700652,-4.812922812522868,16.38047963483718
2000-03-22,-10.134638811208756,-6.03213482449901,-4.51566805986181,16.37205807054788
2000-03-23,-9.911220732872067,-7.611243988566281,-5.833890230750425,16.178106047420403
2000-03-24,-9.440065232489141,-9.127838838084221,-4.803436844878575,15.893582782129876
2000-03-25,-8.415753624014856,-8.334316254928732,-4.407997893268308,15.265363975060067
2000-03-26,-6.989545094297771,-10.387346433802158,-3.9025677582422884,14.530522861413283
2000-03-27,-5.5634281399829195,-9.233305017277637,-5.199814719900699,13.610683780453003
2000-03-28,-5.61749962345101,-9.566155445670521,-4.813512723598871,13.220105775570715
2000-03-29,-4.432591609964644,-8.821200421454947,-6.1197272378664405,12.974648947410413
2000-03-30,-4.1922899292961215,-9.050853670845182,-4.827838893172877,12.319756095197402
2000-03-31,-5.823149384349472,-10.019188095011279,-5.250012360773303,13.951076732548696
2000-04-01,-7.565625648454971,-8.758949074052202,-6.0285232188493,16.444413586023643
2000-04-02,-7.854672042095775,-8.605608137094189,-5.130786581470956,17.836613945215124
2000-04-03,-8.925608819614101,-7.3816015286656045,-4.145413058605968,16.77142662784555
2000-04-04,-9.135192718667726,-7.713611563100851,-3.5404789916074493,18.214832183017794
2000-04-05,-8.136828410915495,-5.085786613615335,-2.5365071468107505,17.5176247733972
2000-04-06,-7.839892724290281,-4.101102239641332,-2.36294775959869,16.924788239642766
2000-04-07,-7.861029678571284,-2.8378142379611795,-2.3688226449948164,16.490689127010114
2000-04-08,-6.484915039450275,-3.021826393361106,-3.150567932741026,15.867319749341245
2000-04-09,-6.654598496293069,-2.844924624585616,-2.9843106433104025,16.821828863408456
2000-04-10,-7.438817107708845,-0.9743417865763557,-1.1380984355594,17.6058548831732
2000-04-11,-7.952557431434969,-1.074849375105345,-0.8249676664882878,16.399639145864068
2000-04-12,-8.213587836585594,-0.44024389299034794,-3.228470870580957,16.395511352884178
2000-04-13,-10.15421872533708,0.29327125076734906,-3.907955007135321,17.324991118746063
2000-04-14,-10.910783427467575,1.8538067397970837,-4.045055226759102,17.373639954000154
2000-04-15,-11.076389397157621,2.548669904040045,-4.218454624638235,16.740934266686864
2000-04-16,-12.073994876952433,2.4268538481532604,-4.072877715537922,16.077804950550146
2000-04-17,-11.423628668755157,2.787927233467568,-3.35249674326975,17.2264683695116
2000-04-18,-10.01831218568218,2.905901615859596,-3.8257942730556036,16.958430848323673
2000-04-19,-10.09431314560862,1.0619179999847053,-5.174307975088352,17.15202851878081
2000-04-20,-10.148657418334802,1.3385036532377044,-5.952841365823765,16.941154416715918
2000-04-21,-10.44687368153678,-0.2144557995654588,-7.356911769651049,15.620954120430062
2000-04-22,-9.176556457907903,0.37710846743688653,-8.074300577345666,15.034027096677821
2000-04-23,-10.31536515045542,1.3187162242398371,-8.457814744682064,14.995833671715829
2000-04-24,-8.861569944983755,0.8412801560686833,-6.991478058518268,14.814047338459156
2000-04-25,-7.884319575050926,1.0947909132790212,-6.889054672329791,15.35404061683385
2000-04-26,-7.866531302155398,3.1465655308313183,-7.08626487395757,15.74702319424651
2000-04-27,-7.665464558644516,1.7180902437216539,-5.068805988392504,15.392658522381097
2000-04-28,-7.623626409581773,1.5396638616426643,-5.224102566290894,16.754341927732757
2000-04-29,-7.97920569840795,1.8016639328736002,-6.493625007465677,17.213584665355413
2000-04-30,-10.214477473706195,0.8648373881753383,-6.759038029233903,17.87324431694461
2000-05-01,-9.865811557348213,1.9447363414074235,-6.123205471487013,17.356018334922737
2000-05-02,-9.608726762316115,1.622507548616411,-6.086854958109763,16.960684306645618
2000-05-03,-8.765686355036543,1.6999604318967285,-3.8336178153061886,17.821697831404066
2000-05-04,-9.525396586946675,0.4024114200408935,-4.389894158043542,17.631450211871545
2000-05-05,-8.895998086723896,1.01987009658392,-2.7856752991273765,17.2644649080421
2000-05-06,-7.631724665815267,0.7245384252344302,-2.4400234868601207,15.757666543317567
2000-05-07,-8.381197642725876,0.04538693730417365,-3.812424241981875,17.26332000698044
2000-05-08,-9.074202933643269,0.5263754792031189,-3.335963417044646,18.975134088682427
2000-05-09,-9.23001940037465,0.8596976854419129,-2.3234625015943635,20.007007228007787
2000-05-10,-10.433811602859354,1.200405524946295,-4.457096759487705,19.25994600287934
2000-05-11,-12.079498647879204,0.10164483198853169,-3.420878981650203,21.87821223631766
2000-05-12,-11.057910466170048,-0.04228666559552555,-4.841595149145948,21.112105816647663
2000-05-13,-10.773505846081168,-0.08211987766568034,-6.719781316607259,20.714151866070246
2000-05-14,-9.646108837813891,-0.7724808210759783,-7.2479416367354395,19.372821508424583
2000-05-15,-9.820725332837455,-0.9988856914728125,-4.985245177696463,20.975040424116695
2000-05-16,-9.38783593027586,-2.0123106911690174,-5.482671798214019,20.63949388244126
2000-05-17,-10.131295358876258,-3.32061890860336,-6.298926375325522,20.121324581810526
2000-05-18,-9.4244457455259,-3.787974934408621,-6.934234328360955,21.37712111212514
2000-05-19,-8.190303398436697,-3.6600720944859604,-5.621323822614691,21.37271551311259
2000-05-20,-8.081906097037743,-3.109270427863487,-5.516398697731506,22.887835010589594
2000-05-21,-7.4973253402171744,-3.078716306271935,-4.599774367288134,21.423222824923137
2000-05-22,-6.6832072224794965,-3.282480459853237,-3.8036281989314413,21.92346738041398
2000-05-23,-6.305854030337769,-2.1426603720754227,-3.352805889238686,21.579804855968717
2000-05-24,-7.720536853433936,-0.6753964815454512,-3.9912991351369387,21.871650705289337
2000-05-25,-7.057416320108589,-1.9167366774652386,-5.080006568501238,21.854021575653295
2000-05-26,-6.934397716384697,-1.5919992029398282,-4.4574708497593685,22.82444705282926
2000-05-27,-7.239677649019065,-2.5239765609382605,-4.365629757716525,23.26425257117522
2000-05-28,-7.698997808326656,-2.1664145693752657,-3.930203519159652,22.82456241483129
2000-05-29,-7.972005711938611,-2.2353292273174477,-4.546271689523144,22.487558252248668
2000-05-30,-7.7652851887665975,-1.8445819956449765,-6.000105951954252,22.327724821073765
2000-05-31,-5.492979397940852,-1.8511792483672658,-4.647674165301913,23.32634563234017
2000-06-01,-6.2907904970890245,-1.2978874252672907,-5.397802162406122,23.93133302605511
2000-06-02,-6.009290959204486,-0.9260346845185448,-6.508012389626915,23.669112677002026
2000-06-03,-6.824806749540445,-0.4105348702070192,-6.133827148303111,24.904015877107852
2000-06-04,-9.034343613823946,-0.6923306816541546,-5.134349083128228,26.044351402571515
2000-06-05,-8.79655044756826,-0.49676821076211153,-4.883200426973513,25.55056169964474
2000-06-06,-8.18952928234139,-0.08454675605398793,-5.102878619879069,26.163576926984373
2000-06-07,-4.955814684936744,0.06078503916109798,-6.95000898174263,25.791653876021055
2000-06-08,-3.9084285853657716,0.821863748702697,-7.4324420397386355,23.47228215585913
2000-06-09,-3.3174971163437026,2.485792603196602,-9.061976452111697,24.38703627211997
2000-06-10,-2.331161938504799,1.9345146953723718,-9.60686847316032,23.538502692444467
2000-06-11,-2.2671914593466354,1.2040732465675785,-11.421636078316316,23.11006025636409
2000-06-12,-2.773488056349076,0.4299722169504153,-11.763893374068191,23.236411700219588
2000-06-13,-2.928118091138309,1.9118919205561973,-10.991724429177184,21.579857696779595
2000-06-14,-3.310846634764439,2.428984562035977,-9.612593745877028,22.19593037800926
2000-06-15,-3.5151066729890625,0.536973091716312,-10.181429986955447,23.530541025109553
2000-06-16,-2.416544514733358,1.2097419547111703,-11.20522200206011,22.77101105775831
2000-06-17,-3.0102074038851834,-0.49056909972843954,-11.450852507761946,21.515306268067466
2000-06-18,-3.1128538935317387,0.932954055795421,-10.943292484009891,21.873135266932234
2000-06-19,-1.716227513998194,1.8006438689723847,-11.886290894170042,21.290827274188466
2000-06-20,-2.0932163235113617,2.9807347121817465,-11.733707872570585,21.64035300768125
2000-06-21,-1.5143508625796913,4.232567068819061,-12.449723304643229,22.242404910625194
2000-06-22,-1.101360797083889,4.489485083951903,-12.3049314668124,23.6999717540071
2000-06-23,-0.7961066504906833,5.419429721067287,-12.554173657368178,22.48795838903101
2000-06-24,-0.8889190304084189,5.512669796020365,-13.223218449344934,23.25434145176998
2000-06-25,-0.09440990115797954,6.965878021595068,-12.266467428951938,23.84011064032123
2000-06-26,-0.8985036208846874,8.732621653501896,-11.758770490002295,21.85775656817889
2000-06-27,-1.2130550846699564,7.550540219000206,-12.206959035594402,21.80356937684013
2000-06-28,-0.7554821868755847,7.437859119247521,-12.863869609364547,21.72573972185572
2000-06-29,0.7649546105177786,5.954736265461877,-13.227879097983614,20.260460439364348
2000-06-30,0.18151422265727957,3.739190190381757,-12.043461935103846,18.776094759889684
2000-07-01,-1.1241730077936944,4.2127674915697595,-11.876729131566984,18.02317714138282
2000-07-02,-0.2824731857126499,4.499401401518422,-12.025776366610213,18.0942326369927
2000-07-03,0.07436876254216573,4.32171632888776,-12.496455443692689,18.129963986899103
2000-07-04,1.1280152202143108,4.3231490169624385,-14.732533222889964,18.42775339232512
2000-07-05,2.4294672041893928,4.80278653493095,-15.18404167705665,18.19504428285344
2000-07-06,3.7951396311980954,6.3771718266402795,-13.86321568194983,18.808385894205372
2000-07-07,5.153309697388249,7.961377927711899,-12.97269372143669,16.70217037574416
2000-07-08,5.181080803349221,9.356732404977002,-13.60759810521572,16.324348016730305
2000-07-09,6.754202657221525,10.655121464673368,-14.048284590020078,15.95756505909731
2000-07-10,7.685829478397335,11.933817389692349,-13.382253578871492,15.995171288314552
2000-07-11,7.260177611038579,11.187781617607193,-13.348356837864168,15.307834806555913
2000-07-12,4.304481580293456,11.92608671196195,-12.309159843946277,15.300742917588984
2000-07-13,5.0098773253855695,11.648946363425555,-10.458459939575851,15.199569116839877
2000-07-14,7.526838556085874,11.845612199989791,-9.804105926010402,14.363258593330428
2000-07-15,7.225049462586296,12.210621599488709,-11.006939342260045,13.625899339188654
2000-07-16,6.712299951730188,10.952467521731641,-10.492091653947984,14.234518161340192
2000-07-17,6.135495860109414,11.968604266280975,-9.835249486674043,14.48104380992478
2000-07-18,5.831935676534471,12.496145316758959,-10.835099628967289,14.89790722993234
2000-07-19,5.596823779638338,13.048901887287744,-11.012704430567013,13.179632660299413
2000-07-20,5.461026746472126,13.34147138334186,-11.32841891470341,12.798444551875297
2000-07-21,5.945100570316191,12.136122927406284,-11.532555265856491,11.80175504413584
2000-07-22,4.579288083238195,11.138884776644641,-12.139589922519315,11.34462156227391
2000-07-23,2.047400269557382,9.295602242590984,-12.136178032449454,10.405957281018312
2000-07-24,2.0741125031890575,8.229926871544153,-12.76846181080227,10.98022646625013
2000-07-25,2.1270561773900027,7.605652082093402,-13.571991859540708,10.931637302575641
2000-07-26,1.8175947522351805,6.439413943036311,-14.079311884092535,12.053973888130978
2000-07-27,1.8448010846490426,5.845860813216454,-13.50741426187019,11.04453150886737
2000-07-28,2.4048202300803148,4.888180634356081,-12.69424050550131,10.08202436443414
2000-07-29,3.1583853141180898,4.239656129191059,-11.53095313877497,8.088433887637429
2000-07-30,4.327460998984939,4.146774647540511,-11.562736144551195,8.17216476971303
2000-07-31,4.640229149244714,3.8740431181440487,-11.250137424126656,8.69642913705139
2000-08-01,3.6104635681465966,4.27770216801919,-11.30567440990732,8.370598539589528
2000-08-02,3.046538548582504,4.139630547679268,-10.267586560848793,7.3559392582497445
2000-08-03,2.062977464029882,5.324401668351353,-10.557982096402341,7.020133337527891
2000-08-04,2.453390879373387,5.549991565071647,-10.385366332594902,9.624817786898314
2000-08-05,2.482421605362239,5.933167665896519,-11.36655357668108,9.58714694755984
2000-08-06,1.1847289757046757,6.024318084478271,-9.165763264048625,10.159874360254692
2000-08-07,1.1333802750406665,4.485468235041233,-8.499626744540004,9.6983253795387
2000-08-08,2.0289753413836755,5.017330772147013,-6.738286757440379,8.083794408392421
2000-08-09,2.4648411119637204,3.355393398887534,-8.31394559384235,7.5548068100716135
2000-08-10,0.8996438622930358,1.4353794719998052,-9.925236464520719,7.742019021603642
2000-08-11,1.8999901224269207,2.081113690487022,-11.918682187354532,8.180151581891462
2000-08-12,2.251133732817052,2.104711015304726,-12.682805691511598,8.3414956902854
2000-08-13,3.619864064270849,1.7588364152109843,-11.701039263674087,7.5972780247958145
2000-08-14,4.407895180417556,2.448497868446869,-11.48430505483334,7.212609701846404
2000-08-15,4.64836025957102,2.537974371343102,-13.195483008179433,8.218224961410012
2000-08-16,5.706966720851873,2.6300646658858837,-13.286412010231246,7.069830162184186
2000-08-17,4.606945233609423,1.016674695925222,-12.583701559212864,8.624057255370271
2000-08-18,4.535602122247649,1.0812054049383837,-11.830393781116927,7.483497809009032
2000-08-19,3.91116176247981,-0.6976496407075237,-11.846866833074136,8.933203251972841
2000-08-20,2.2584203703488708,-2.713330486404902,-10.408743102774068,8.08440424780568
2000-08-21,5.070925691789371,-3.8807359916937125,-10.954504437799581,5.679598210136377
2000-08-22,4.413999575392353,-2.9891325439825898,-12.074930939889688,4.843472491966046
2000-08-23,5.39725390727007,-4.046718015215909,-10.175483009814807,4.7891369324243085
2000-08-24,4.2245387985170915,-5.202919771284272,-9.031187664975354,5.297404248544259
2000-08-25,4.384544512853062,-3.6137726797954457,-9.35778563137616,5.357576070717836
2000-08-26,4.988550827275578,-3.1156687883755434,-10.773700361408657,5.288138108080263
2000-08-27,6.11540207704553,-1.6878515424698248,-11.383656119433583,4.448149063595033
2000-08-28,5.607826835957419,-1.8789267365833868,-13.027531133140924,5.350776513128617
2000-08-29,5.16265689328559,-2.819062103614706,-11.2952036950428,7.5168760103048555
2000-08-30,4.784357134059519,-4.212029012108424,-9.637426911868111,8.46030892298273
2000-08-31,4.7316642528786215,-4.343580572247831,-8.981946564405238,7.363069332571148
2000-09-01,5.588879463253108,-3.0899505067295934,-8.151870849001519,7.3175233393582735
2000-09-02,6.111182693113096,-2.3122151908256363,-8.416838638041495,7.175787326911557
2000-09-03,6.656403775364101,-2.092140021984601,-9.967060273546094,7.54994180011232
2000-09-04,6.162341122317565,-0.44352588392718384,-10.613441680759584,8.31900080768433
2000-09-05,8.087780000077279,1.3897976483254897,-7.844868741686701,7.362075314422244
2000-09-06,8.347492308084437,0.3246406044766825,-7.83922387172894,7.572928079512806
2000-09-07,7.5940399244512795,-0.9257580356878214,-8.238868951135203,8.365421541733205
2000-09-08,7.776474295653413,-0.26153718370984147,-6.595385426466481,8.522710564525594
2000-09-09,8.662437801611462,0.07279795153456409,-6.866900907066402,7.506916895892275
2000-09-10,8.467715419609622,2.3050241127770383,-7.772932493704207,8.0028851453758
2000-09-11,9.668056326674485,0.18094475595408577,-7.6752074798520695,7.32559531974468
2000-09-12,10.687720614341892,1.4085639356037936,-7.792395003489413,6.3219121477698845
2000-09-13,10.83698883388334,1.8970398631873178,-7.831151150591367,6.921150444991606
2000-09-14,10.08969466380306,1.3537138949822896,-7.5085960719962435,7.121671829923044
2000-09-15,9.532991657465175,1.0645177924003608,-6.129945082837219,8.031758781368067
2000-09-16,10.971867762426141,-0.44885700517153637,-8.433387955853151,8.100829312711289
2000-09-17,11.108802747722306,-1.7890999236745595,-9.02743318157215,8.235423923727076
2000-09-18,11.228381107568945,-0.9331716883750293,-9.514836194086737,8.548054588390668
2000-09-19,11.185456505057736,-1.784902322915342,-9.02886543939961,9.230788562752034
2000-09-20,11.90945488317253,-0.2573222157224462,-8.962940232622541,10.726338672237928
2000-09-21,12.724448713703563,-1.1059472474621321,-11.24040895038053,10.824179698459698
2000-09-22,12.325558391642108,-0.9275090518151305,-11.377169813961052,12.128974289340752
2000-09-23,13.252578251549977,-1.503715330967042,-11.23514329837023,13.16299539499185
2000-09-24,14.755629266116141,-2.513667630259232,-11.377257872178893,14.119436792701759
2000-09-25,15.05597876997277,-2.2480133999807475,-10.285084559240543,12.61609841857031
2000-09-26,15.291475263316846,-0.8671989991267541,-9.688551268554797,12.669235880635885
2000-09-27,16.754392616577636,-0.6558674570738111,-8.149610045642397,12.171032348670282
2000-09-28,16.342305460985997,-0.7703830706990156,-7.005814767097593,9.878708436503107
2000-09-29,17.354227751089564,0.5202842034392532,-5.626896404192018,10.049388085270678
2000-09-30,17.747783302934497,-0.6139315915010062,-6.986159208336403,9.522957760795954
2000-10-01,18.918721171200964,-0.283829719522762,-7.4306771121322255,9.308805638497942
2000-10-02,18.967475076446192,-1.383733164086417,-7.458230175898855,8.522469288004121
2000-10-03,18.468530641282225,-2.285511761753308,-6.7426372911270445,7.659210780556446
2000-10-04,18.507400820866035,-1.5245749843995917,-7.411690659070848,7.290471944386075
2000-10-05,18.30900655295016,-1.3465003279718217,-6.879268832275515,6.89489135033044
2000-10-06,17.29738423219201,-0.620333571274421,-5.886779294468905,4.1813433827610975
2000-10-07,17.756858718952405,0.41839102322871413,-5.018593057975722,5.199390448994291
2000-10-08,18.331313123303048,-1.3149135219717594,-5.475461379710777,3.3447019667524467
2000-10-09,16.898899113533137,-1.7629560816527263,-5.099861793937839,2.838243472985539
2000-10-10,16.77315115573427,-1.4486953824865747,-4.89938803063034,1.2444819451106182
2000-10-11,17.282692346998047,-1.7994737853358862,-4.552020349201702,1.6879725319702894
2000-10-12,14.80658482518275,-2.4362669843597957,-5.364716224816055,-0.5940201809077896
2000-10-13,16.24789441035174,-1.7839087317641762,-3.7366497790704565,-0.3882796257806862
2000-10-14,15.351134348729069,-1.276126091466248,-5.390654632273403,-0.4085988798006381
2000-10-15,16.956991701619565,-1.5974580290416298,-4.542116872257006,-1.3351122923237595
2000-10-16,16.96468301465002,-2.240169137944586,-2.8416024657813246,-1.0943897490870613
2000-10-17,17.049875529744018,-4.349428611040572,-2.911898627719014,-0.7758513591916663
2000-10-18,14.914160406097004,-3.8819507986745068,-3.049296612718769,-0.1683247359279959
2000-10-19,15.25466510079194,-4.077162949068932,-2.9990216242158447,1.0630276997475603
2000-10-20,14.596169185827156,-2.1900390878233487,-1.5888933365447528,1.8690334095395449
2000-10-21,15.84163171369459,-3.5514102964432115,-1.0447304666910338,0.8527223334677272
2000-10-22,15.016555710986761,-3.1417900833674683,-1.0768131649827088,-0.23905517309366964
2000-10-23,14.598729724106514,-2.728524168799917,-3.5642872356694606,1.2659782697121977
2000-10-24,14.32547536831561,-1.8681056337972761,-4.568406109463812,-0.18770713609488188
2000-10-25,13.931740934521097,-0.28794330218654496,-4.684741473326026,-0.7582149451379184
2000-10-26,15.126789148348077,-3.1389827626856395,-3.892796642553696,-0.8807906724199385
2000-10-27,13.804633635126589,-2.378700065613054,-5.202554492922776,-1.5147284445430573
2000-10-28,13.622917192588087,-2.882935779761063,-4.182351026106648,-1.1597095147062568
2000-10-29,12.34018592277913,-1.2340452704363163,-5.257809387745446,-1.406458927773741
2000-10-30,10.843006756757074,0.09382308288222152,-6.315529370101721,-1.1637614931884301
2000-10-31,10.240378763704562,-0.8471705130196853,-5.31020499435169,-0.3511652134060532
2000-11-01,10.189480723460209,-2.275512921864591,-6.148560286644864,-1.143821318450458
2000-11-02,10.676414425990822,-2.373826808102999,-7.194879783247042,-2.0688712906382944
2000-11-03,11.482837113649751,-1.5824291942316573,-5.279966912553409,-3.039224324994173
2000-11-04,11.216479376402168,-1.0033853716392485,-5.673590261031437,-4.5270335923887615
2000-11-05,12.08391855255609,-2.1168644088388056,-5.552141744878243,-4.0638688190626056
2000-11-06,11.529424651512066,-1.666200168840994,-5.612352818284285,-3.43067805453219
2000-11-07,11.356901948502399,-1.6321996847167235,-4.566911455307759,-4.626380722255995
2000-11-08,10.77017898059406,-1.0305963621852867,-4.742740844366639,-6.1643700003111785
2000-11-09,12.80813910250056,-0.020597404239020012,-3.808776559153653,-6.675798199526921
2000-11-10,12.083101978988438,1.3327430865285255,-2.02778033745407,-5.984365162300861
2000-11-11,12.498531700688087,1.3150553348878629,-1.3416017515055265,-5.537777100670903
2000-11-12,14.052253127045564,2.8807316233985194,-1.760113951369963,-5.629384963552217
2000-11-13,15.482232588100679,1.3719103346215813,0.5940957491426422,-5.388500365127582
2000-11-14,16.91164080957892,1.5458145100511278,-0.0324369791669844,-3.8378365089161326
2000-11-15,17.611210708786242,1.112611678146047,0.7984276604430846,-3.045023760315471
2000-11-16,18.47310154526025,2.3540009974045777,1.669625417539718,-3.075414724140556
2000-11-17,17.94896558123055,2.8068809012738565,3.968606636605821,-3.3652125501658077
2000-11-18,17.10863360187956,3.0474296751265513,4.752871424172058,-2.5952088696594626
2000-11-19,18.530744315319737,3.0702417861793596,4.40426391555431,-2.331083325925733
2000-11-20,18.98178311176229,2.579104962586175,4.681618929530438,-4.053054155337412
2000-11-21,19.354512886194215,3.129312659752135,3.614846742378017,-4.136100776840641
2000-11-22,18.94259228425039,3.4163560902875454,2.016596240018446,-3.3104445238296174
2000-11-23,21.85014528908765,2.739298060917812,0.16715477876542328,-2.291230153905972
2000-11-24,22.457441727690036,2.1186089222298556,0.9230601638582397,-2.0792066978170243
2000-11-25,22.350673015528823,3.2790307738941467,1.4027513079954468,-2.224696266911997
2000-11-26,21.375020560317324,2.652110112959021,1.1978771852878323,-2.214799192748143
2000-11-27,20.319419661008165,2.6654483635316706,1.22819581426759,-0.8654391386794873
2000-11-28,18.521901518454573,2.3850375637082304,0.9618543405525085,-0.4392272349920719
2000-11-29,17.483165114941453,1.373514796742418,1.6309583743146352,-0.0690035072667583
2000-11-30,17.720206044008634,0.64485803704722,1.9937351450735683,0.06589727075918803
2000-12-01,16.51740255487163,-0.7063508679701412,1.6267851500512587,-0.3231719958745407
2000-12-02,16.799980563886653,-0.4988025963270412,1.7043192433509449,-0.39403919518343056
2000-12-03,16.212951433179803,-0.752924683024601,0.9567763994370576,-0.6426200907765593
2000-12-04,14.398758656044008,-0.7168093501825583,0.1337191119381801,-0.9015451026529144
2000-12-05,15.184638705956901,-0.9165054428456254,0.0748705370356606,-0.3053622044916029
2000-12-06,15.944400238111172,-1.847711375454293,-0.1532768656595879,-0.2978552828293602
2000-12-07,16.389439979919533,-0.9704159899046498,-0.20186037003192597,-0.26022366760393406
2000-12-08,15.399322311137116,-0.9582142256956352,-0.5592316725082289,0.536522179430301
2000-12-09,14.866311849089966,-0.2564066887866212,-1.9191596901343477,1.118222746103627
2000-12-10,15.081665103804509,0.4455248989789097,-4.5678494921174835,0.3397381833978862
2000-12-11,12.999679725403297,0.2940357061757128,-3.113392510314105,2.2520617158091394
2000-12-12,12.576905993287134,-0.6497148022944967,-2.1067379047453905,1.1228341174246415
2000-12-13,11.301820034710282,0.05378699940523968,0.6717090747363339,0.2616636974899308
2000-12-14,12.878791839183076,-1.212725234333187,0.7807414144219221,0.9482430533660811
2000-12-15,12.372274398144567,0.6473611103279295,1.07454775160621,0.853534093238437
2000-12-16,12.735992001704057,1.9112815157583811,0.8771861308775062,0.5697962189119605
2000-12-17,10.547092155334784,1.7447736520830939,2.569471300517976,0.411074794599562
2000-12-18,10.215695280543754,2.6565174391451647,1.0709095849283987,-0.08662900548325403
2000-12-19,10.220448569229365,4.487401579343941,0.20637014116649388,0.8532881058545756
2000-12-20,10.746409791228743,4.497742037540931,0.10351647958554357,-1.0107745176745242
2000-12-21,9.82162556574609,6.952852234272649,-0.4813317528831642,-1.9345090754191467
2000-12-22,7.279991006322362,7.22695160576853,-1.1872549026457029,-2.2251045104027147
2000-12-23,6.947211169317091,6.391397038984043,-2.8327899115278843,-2.6719950042250593
2000-12-24,5.738181122594186,6.131042895929762,-2.7150967476697794,-1.873137933396225
2000-12-25,5.955368056424299,6.017085264794324,-3.0600565113057687,0.9914422800091702
2000-12-26,5.648082669035947,6.450275099136618,-2.650136630298825,1.7744712322595895
2000-12-27,6.208878815413415,6.222845045732992,-3.3396871173505747,1.1977578397031805
2000-12-28,6.69972464634309,8.795621636597051,-2.9805302013662285,0.6404480843633352
2000-12-29,7.400282603238816,7.107953689039103,-3.1577787232447623,0.07156680480650845
2000-12-30,9.209639971378905,6.4965635428172765,-3.091669686628152,-0.12147047044671658
2000-12-31,9.769334505013603,5.980017115835826,-2.333697129454254,0.132677022327053
2001-01-01,10.68606353659706,6.249521445317773,-2.5051883469538705,-0.4332939872896099
2001-01-02,12.411906482964211,6.386246661980889,-1.2189732019231723,-0.18810768496428112
2001-01-03,12.915691677368253,6.707351087306293,-1.4455945217921213,0.29789108990398505
2001-01-04,13.279810877963886,6.2366803985586055,0.9731657456901237,-1.3693400167815777
2001-01-05,14.847864223486678,6.457526488314324,-0.0696964971023113,-0.4278081840204846
2001-01-06,14.148119366907949,7.079469606308911,-0.13650663187125348,0.6837781429646426
2001-01-07,13.670053496997447,7.406398779653255,-1.1464213789347786,-0.5739980993232998
2001-01-08,14.688439841334828,5.579282008489776,-1.4428593809159436,-0.9659293373684641
2001-01-09,16.351269171971392,4.57333398388783,1.7253610492471974,-2.116221028643665
2001-01-10,16.35222252026707,4.6967985573868,0.7882621104708875,-1.6913324846341087
2001-01-11,17.115845315325384,4.07589213633695,-0.47892755914421536,0.07714740092656958
2001-01-12,14.880058460261996,3.695196357115998,-0.7131393403759843,1.8645610526570908
2001-01-13,13.706938184855606,4.848121793725141,1.0904567222798733,1.0140433719771889
2001-01-14,14.556872997167067,4.520575537731309,1.4974453432089068,-0.7909043656758186
2001-01-15,15.059804246354302,5.572076196794864,1.036169938474148,0.16557000772646713
2001-01-16,15.650668575387094,5.765803118458065,-0.8940845399656261,0.21102895111046507
2001-01-17,15.977217989188622,5.585105792580574,-2.437391422123161,0.5617993973524402
2001-01-18,17.28258210015479,6.441598488625402,-1.0662112324923478,0.6620913552333302
2001-01-19,16.373488695688756,6.189900288411925,-0.4696306640670508,1.2601496208628833
2001-01-20,14.932220965879509,7.336269397543044,1.2336583556924983,1.2838128776147857
2001-01-21,15.873999214473201,6.4754145549431845,0.01714995564782873,2.5195109348935265
2001-01-22,14.221569920832694,6.547241874992257,-0.6846323954651545,2.721772860001346
2001-01-23,15.386225902798547,6.952709084753928,-0.9067192287033107,1.4329338823640811
2001-01-24,14.8041041332701,7.334253238537437,-3.1240113903317335,1.7217099200323833
2001-01-25,14.47035701428407,6.827889821675316,-2.213894658651083,2.504747962775049
2001-01-26,13.203021559262034,5.020219550473046,-2.0040472045979745,2.2275468735051764
2001-01-27,8.862434327729765,4.4838572432290045,-1.570369223027762,1.8952334969263278
2001-01-28,8.97800142006598,3.0790786506183765,-0.9295059897948598,1.0983505114672845
2001-01-29,8.38850081823481,3.6964489176751574,-1.1585650308821767,1.0266083802652797
2001-01-30,7.86256901362513,2.482421618262114,-1.3303155263021305,3.0515586413839166
2001-01-31,6.950847252957767,3.731594069365631,-0.2674477421009842,3.7405133995901445
2001-02-01,7.373812864894263,5.798793302069937,0.7787588029687531,4.2231490696576
2001-02-02,7.325839962184241,6.301618370807676,2.574752628491731,3.480554779109821
2001-02-03,8.974655472124052,6.348604352960244,2.1192787094351715,1.9610940601818423
2001-02-04,9.165791684305844,6.939714325121612,3.4304010347548495,3.8702780878990026
2001-02-05,11.053002845852326,6.206249898679484,2.8301382275066804,4.637033744297221
2001-02-06,10.970403393711972,6.4930030052862815,2.8092384632456984,5.735113795620421
2001-02-07,11.252731664885687,6.867348328213731,2.831887613644821,4.545925285156159
2001-02-08,10.234829794584307,6.830180343216812,1.7743477879722764,5.089880340096309
2001-02-09,9.74376491819783,8.343146157342755,1.8332155644075938,4.918884536982506
2001-02-10,9.70718787641756,8.965871426666478,1.2188833432906274,5.630814003425508
2001-02-11,9.727531729272288,8.398843464221832,1.3216445697459855,4.634296315046789
2001-02-12,8.261973189184388,10.185328592107835,1.3246306201421332,5.524982870737962
2001-02-13,6.825488200632398,10.746394163748326,0.2860541676230757,6.265402468396141
2001-02-14,8.057163964666753,10.565754525351217,0.8779281492603518,5.923378295074771
2001-02-15,8.425239371338812,9.943469682061775,2.334241788440056,4.182390294067618
2001-02-16,8.834200142926992,9.472330568132074,3.201779161520074,4.284110077475596
2001-02-17,9.916881140981015,8.545113448543972,1.2569441016339036,4.443659193012142
2001-02-18,10.367354511193572,7.234119076287886,0.5908343796005177,4.248859467867009
2001-02-19,10.491889967173691,7.7436268635185455,1.833955006261867,4.381668972916469
2001-02-20,9.981750849398036,8.081128749099452,0.0033782350950806173,3.189072534302441
2001-02-21,8.968497123291602,8.071133027171928,-0.4767824838471171,3.5845057910191187
2001-02-22,8.211671152423701,6.711882358840915,0.31823511864477183,4.7121007735549485
2001-02-23,9.211993854499383,6.5157473201442695,-1.3793454090928916,4.476595060265373
2001-02-24,9.601845314198835,4.8089606595972505,-1.7366953618672916,4.853489064363861
2001-02-25,9.42427480278224,4.573679063719012,-0.9306513593023086,4.709019660556213
2001-02-26,9.398779538150924,5.056376377704437,-1.4994144080016691,3.962865348879521
2001-02-27,8.69459724267593,4.472059782789677,-0.17816322696704612,1.8306220037247734
2001-02-28,9.730394173785536,5.123469597691894,-0.706481439805998,1.553381056036769
2001-03-01,10.096950335673515,6.806827082043789,-1.8814066009197306,-0.1454982280837207
2001-03-02,10.949692050196589,8.193699245807151,-2.6419605017522767,-0.8932449210895436
2001-03-03,12.686791704534071,5.576644761313642,-3.2285531901018696,0.37861166728272966
2001-03-04,13.16338377400881,5.986069224610223,-2.1587609086122344,-0.9495768034753101
2001-03-05,12.903126219896185,5.513908203278772,-2.949130218211985,1.3943824869236923
2001-03-06,13.450179567418816,8.151362195125472,-4.793888183852069,0.35554099962370844
2001-03-07,13.409787010208648,9.311778487821826,-4.174391419790193,-0.8883830956188126
2001-03-08,12.626908762387323,8.318959866006338,-4.820809487109807,0.06692021232329359
2001-03-09,13.112801139663251,9.435631427162651,-4.0402514839936785,-0.5397138359082098
2001-03-10,14.05622768028005,11.02524550245501,-4.745902475446698,-2.2513561523585857
2001-03-11,16.288665839024947,9.355516525222532,-3.8963165727567244,-1.928842366357579
2001-03-12,15.821816774962457,11.276693319264155,-4.5556865200450805,-2.2938930733717715
2001-03-13,14.919251374772557,12.362479298943708,-4.072459448365009,-3.107684135831632
2001-03-14,14.599270864064035,13.125485219095085,-3.573251196275736,-2.8623969299065397
2001-03-15,15.744734968362035,12.951304066044672,-3.551866322760125,-3.245443211490708
2001-03-16,16.856974219944085,13.695508602366308,-3.4747186389243936,-1.950621029505073
2001-03-17,17.794638833441418,13.89435001355979,-4.041169560888686,-1.2240380023225965
2001-03-18,18.933531859293996,14.689874880174198,-3.3504626882025916,-2.0967194099865525
2001-03-19,19.79021582337547,14.40683848332192,-3.553196417062179,-2.7829796767073027
2001-03-20,18.638050780472646,14.579691945168186,-2.3955045693279793,-2.3956999844734703
2001-03-21,18.118954932626973,14.764098520451343,-0.5452310462417702,-2.0533372005111024
2001-03-22,18.317779214787404,15.437337217828226,0.2776623945421426,-2.1241247342388845
2001-03-23,18.069649609321292,16.437221648388856,-1.4009369468596558,-2.6479149371707056
2001-03-24,18.053033953492292,17.945440950080346,-1.4400951335258034,-2.195052963077376
2001-03-25,19.59920016307701,17.99048446333339,-0.6319691032144691,-1.2045530284548167
2001-03-26,19.314727655371996,18.52821721885977,0.7688184429886259,-1.0439376964794873
2001-03-27,19.88265250857387,16.399219746401855,0.46508548867527233,-0.45071391883268486
2001-03-28,18.648631930385545,16.901131728997623,1.0882478088308218,-1.5855112422755782
2001-03-29,19.42713878579509,17.68423934670236,2.839801019524125,-1.3896759088144752
2001-03-30,17.470154494274073,18.794524192133775,3.0113956833830002,-1.5969119401855585
2001-03-31,18.004158767137742,18.644609055254303,3.7774205093968773,-2.2407885282511937
2001-04-01,18.696551876816425,18.61669429502122,4.242903823639905,-2.1207711732823586
2001-04-02,16.947783631859373,16.94870007070139,4.688216156605511,-3.312604985953952
2001-04-03,16.48325886782924,15.940681044829422,4.084306398482227,-4.44501436695574
2001-04-04,16.532068823081996,15.064246313437831,4.229577979525521,-3.156253119465587
2001-04-05,15.135834181517506,14.969192405710768,2.6656453311802943,-4.401070416280439
2001-04-06,14.297517739303,15.08606195471596,2.9224436657168877,-4.5961444768236905
2001-04-07,11.258744149924672,15.319727043079569,3.076260961536726,-5.146991561059403
2001-04-08,12.120047771584868,15.343369164876924,2.359203690213105,-4.5091398645869045
2001-04-09,11.633182122541411,16.13241637244396,2.2100354764526124,-3.696377724030777
2001-04-10,12.059934148177023,13.552089185250626,3.0379705685878085,-3.8944557053571414
2001-04-11,11.371994159462497,14.142646577315308,1.6984573234864406,-4.562845706403014
2001-04-12,10.905597518761217,14.353942505205918,1.1611029782599518,-2.405301950185402
2001-04-13,12.217402303862201,13.983313715109114,1.7035348242421435,-2.0935489820132207
2001-04-14,11.772188154840574,13.66429915915149,1.7469337429417386,-2.2306504502796494
2001-04-15,9.957157763463632,13.45127756036525,2.092018342638133,-1.8358223575655699
2001-04-16,9.325496986696518,12.702850160962956,1.8226517997786948,-1.1178545393604877
2001-04-17,7.571433739757046,12.981403479830856,2.3665882725472773,-2.5613382708709933
2001-04-18,8.25716253561055,12.086224836247208,1.7689934487578403,-4.643672572792805
2001-04-19,7.8935136974073705,11.032166152317325,0.882045382787599,-3.6674637327692294
2001-04-20,9.033822561383706,10.313568622336323,1.2684024119898347,-1.2174848637131315
2001-04-21,8.314558207438669,10.157207560342382,0.6824846207866789,-0.028815233428289178
2001-04-22,7.521452114270213,11.14115007776851,0.7711732066171533,-0.7822776214382611
2001-04-23,6.42078097648909,11.644026134347621,0.26552413929803187,-2.0725421112875475
2001-04-24,5.720610271507354,12.261149604795184,0.19856534209073906,-2.3481698942323206
2001-04-25,6.34311679505053,11.597363706826947,0.19694066842876531,-1.8870814529896094
2001-04-26,4.885637926255691,11.694066435167043,0.6192025861664463,-1.6168229006317005
2001-04-27,4.798929850127787,10.76424427289007,1.703094448124983,-1.7540954470985393
2001-04-28,3.1768133310686557,12.126964191440265,1.1425522690169325,-0.42611803003435855
2001-04-29,3.72381699387926,13.745288906399274,-0.8510305008751364,-1.2940495729200374
2001-04-30,3.506024832006515,14.220073247081794,-0.25633241512329386,-1.3821200854300688
2001-05-01,3.885104599910306,13.688692866761176,-1.2474620784943622,-1.7996068932420384
2001-05-02,3.805256452422786,13.84601534810724,-2.6347460439317634,-0.5099450153347611
2001-05-03,1.6202464677762154,15.254807138389072,-1.701575317375708,-0.5414129257626693
2001-05-04,0.3356118289443819,16.21556635039431,-0.2265179029756923,1.7139063188952823
2001-05-05,-1.0754916624198314,14.906964575202506,-0.69071563056584,0.7736163156315687
2001-05-06,-0.3566771599327667,14.180553723989702,-3.213690044184745,0.4230915470720904
2001-05-07,-2.177814506714753,13.314153927429032,-2.3958752104836223,-1.1124050543270325
2001-05-08,-1.5192921953466447,13.295880628623546,-2.883602673105509,-0.7813974316148088
2001-05-09,-2.177273666429528,13.27261957746451,-2.348454329195345,-1.2623057831678728
2001-05-10,-1.0720791459209158,12.10180469437995,-4.356104573998035,-1.353176583961698
2001-05-11,-1.549061950770089,10.38499388918986,-5.014093276874123,-0.375844421666493
2001-05-12,-1.8598858680687507,10.648927171563844,-3.9276299996190494,-2.7489251161137616
2001-05-13,-0.4548358871454943,9.141339168120027,-4.792109759379598,-0.08991130524492297
2001-05-14,-0.08335597453456822,11.032283209449641,-3.5163024377744403,1.7143468373987771
2001-05-15,-0.9425739767740872,10.59789067862828,-4.93095622302682,1.1795559009735666
2001-05-16,-1.2463539651920406,11.11326842027739,-4.4379541258104735,1.1189443005612927
2001-05-17,-2.1426375251053793,10.643968688318173,-2.7509018812694537,0.915039439473369
2001-05-18,-1.1885668601077946,10.385491892206694,-3.856618035367105,0.37442432320877206
2001-05-19,-1.3612638901268956,7.8923120304410235,-4.491052629548432,0.0026610442970462223
2001-05-20,-0.43952603645810717,8.012745702159206,-3.9067655764111415,-0.09651145353216849
2001-05-21,-0.585457605058072,9.900133698679332,-4.043092788782963,1.0333080896618618
2001-05-22,0.3875097967409341,8.772711006483588,-3.170391253682335,0.136535673335339
2001-05-23,1.1062997509331027,8.983421903562194,-2.680233176607344,0.5208188224261878
2001-05-24,-1.3506478237286483,7.735905301045845,-2.6766550129989284,0.8181643994812717
2001-05-25,-0.5272302160955284,7.844951691188295,-1.787007641760372,1.1915247472997121
2001-05-26,-0.399937989945051,8.870680463677605,-3.5904918938325787,0.5960908053514401
2001-05-27,-0.31902372344889485,7.793010399903576,-4.234159564249379,-0.13190727140671943
2001-05-28,-2.508548685012861,6.496221590387983,-5.10886089923018,-0.37368607902080286
2001-05-29,-1.7334643217804953,7.137485135431082,-3.556630515202084,0.41681844493636633
2001-05-30,-1.6890382842418485,7.1991317004647,-3.8804355925775043,0.24796698482941915
2001-05-31,-0.341729407177086,6.899587182165931,-4.4153812858389685,-0.42958333809199045
2001-06-01,0.3133658588382219,6.020760011574422,-4.289749051635104,-1.0378244721576255
2001-06-02,-1.56241598035108,6.4262266961633365,-4.683851870269728,-0.7445348238551572
2001-06-03,-1.5573497815444075,7.527295681190328,-6.05255409655659,-1.3987947009350599
2001-06-04,-2.759806083792256,7.682201312452095,-6.287081330448964,-0.20005173540226284
2001-06-05,-2.536490721180362,7.37884789282389,-7.628732509588138,-1.6733164780833367
2001-06-06,-2.4742173305414963,6.599741865239622,-7.759210600146519,-1.9182190092239704
2001-06-07,-2.2589431927498334,5.624663136532979,-6.706955207994012,-1.3448687750607167
2001-06-08,-1.9664401397215623,5.6474865922772235,-9.220423588622566,-3.450302303578823
2001-06-09,-2.800179775931662,6.270470024966499,-9.324569014174017,-4.2545069030918405
2001-06-10,-2.7287890424919685,8.540051375337177,-9.727207419194118,-4.308766246488035
2001-06-11,-2.961273628447251,9.710306733007204,-10.159420468758068,-1.2632311469280797
2001-06-12,-4.822150609665371,11.413130652368649,-9.656334504802828,-0.15540722383005834
2001-06-13,-4.265228330528117,9.541611476981265,-9.756133057431056,-0.210367860634133
2001-06-14,-3.2510678964638853,9.329369770422772,-10.311315376540517,-1.6158797688431157
2001-06-15,-1.8632315012341203,9.84690613170766,-10.195031792059954,0.3897387637969041
2001-06-16,-2.9954059450757438,9.781417488668264,-9.557940577445786,0.9530987094280368
2001-06-17,-3.1761803532933897,9.509657955900538,-8.649295125489582,0.7044342869132839
2001-06-18,-2.1619769488252274,8.34437320746161,-9.833714903571808,0.6132243828040003
2001-06-19,-1.7170141425170862,8.265728940732725,-7.076180640391703,0.4355981872739023
2001-06-20,-1.2121645980070899,8.029890066843853,-7.961958828766185,0.13116881647377376
2001-06-21,-3.003347770534878,6.8185117932519175,-7.830578402341831,-0.21813620542229756
2001-06-22,-1.49359679490242,5.036449007175002,-7.240946991296486,0.42998702939917327
2001-06-23,-0.6569620877319835,5.534241309946766,-4.953259980897684,0.16854379095916144
2001-06-24,-0.710226756091559,5.291363217757939,-4.80167344155992,0.641640521204353
2001-06-25,-0.9242319270265715,6.586241413996994,-3.8128865466702764,-0.06710322948113545
2001-06-26,-0.05543086189724444,6.272551742242726,-3.5230882416589715,-0.35244087339639707
2001-06-27,-0.6495337910473156,6.320144632305931,-2.3283850188387456,-0.5457126176873193
2001-06-28,0.2475047608283859,5.654435186459125,-1.8633057198632843,-0.5841048079868337
2001-06-29,-0.6231971490961933,5.778238194096877,-4.78756990377407,0.15455838208909856
2001-06-30,-0.11344251095735736,5.500547218933238,-3.1834321446479423,0.4375604612056047
2001-07-01,-1.1080833557568366,4.645351310714377,-3.7901933289955476,-1.0992325445428255
2001-07-02,-0.8373376219608255,4.3933954370654735,-3.021636902383265,0.37366920523231784
2001-07-03,1.5264005573976054,3.795741427678231,-2.1645129147613966,2.394826430938675
2001-07-04,0.83411087050773,4.954031024597656,-3.620157620664983,2.7127134538466735
2001-07-05,0.1148744644528421,6.151786406872025,-3.637912632391102,2.5536378358493534
2001-07-06,-1.9578942185332189,4.1850738675379615,-3.8036688082906047,1.712142492775393
2001-07-07,-3.620324548826469,3.8925042109847485,-3.522584462893258,2.3258774721776962
2001-07-08,-2.8885563794216416,5.008681654724782,-3.2838641316954393,3.200557605125802
2001-07-09,-1.794534436321258,4.4182226025824285,-3.272923078400736,2.2821938065636336
2001-07-10,-3.0469236898041134,5.473421163606926,-3.7359325068178797,2.500243635888463
2001-07-11,-4.6714275522309805,6.881426620028102,-3.8849782592257736,3.45992192372036
2001-07-12,-4.540646850741322,5.723129125676925,-2.911999376275931,3.1782600923924242
2001-07-13,-4.385675457312291,5.906494573594511,-2.7630989851913483,3.684629805182154
2001-07-14,-4.12513462647537,6.279819601817739,-5.143955682480516,2.7591889954365465
2001-07-15,-6.904780503943786,4.552791601596992,-6.283994056355312,2.9289611667283513
2001-07-16,-7.966769002203376,4.096100242054976,-6.737019221027592,2.5284678157928693
2001-07-17,-7.869644570530926,3.9869888956426216,-9.910195388519579,1.7164804705167032
2001-07-18,-7.74350149586575,5.18378594749521,-8.115137439466206,2.940069630159064
2001-07-19,-6.936465121723017,5.192348841000759,-9.816306587263641,3.3743017285529087
2001-07-20,-6.405075035933511,7.229819959336521,-9.63416354760522,3.083264134856338
2001-07-21,-8.406256940014451,6.543284404923626,-10.13361784822722,3.5335048416734116
2001-07-22,-7.098499523562453,5.311855851966113,-10.676808438699899,4.368760653496715
2001-07-23,-7.304952147094955,4.705124424854148,-11.218042177388805,5.502703164787772
2001-07-24,-7.2974293114343585,5.231389696765421,-10.768989174333205,6.646646472512902
2001-07-25,-7.496182875975861,4.835724322150609,-11.391062742465525,5.088991953029821
2001-07-26,-8.327439812106984,4.986425719276622,-11.03225138275579,1.2003866088324209
2001-07-27,-7.58818463248056,4.557228000986125,-12.302953746191147,0.7947729516620883
2001-07-28,-7.0222832078272015,3.6091214722057967,-12.848816456569816,0.07567439843274748
2001-07-29,-7.149501074188049,2.705912853491665,-12.732070365420503,0.08069139310780019
2001-07-30,-6.352613174799352,3.066285166470221,-13.224577048841029,0.5051604938369226
2001-07-31,-5.152180343592,3.4639104740073785,-12.900639185191956,-0.2760218707425187
2001-08-01,-6.399997386534919,3.4479829872465717,-11.571743830996178,1.189917326408652
2001-08-02,-7.0269936980792025,6.300020114525197,-11.896957278647369,-0.27467383784448773
2001-08-03,-7.66192436924244,4.934215226517063,-10.066941496908735,-0.20216545677575087
2001-08-04,-9.339316015442401,5.727363562532419,-10.952219136936563,-0.44130255515448014
2001-08-05,-10.159937105005227,4.957025940431109,-11.564459822509399,-1.3177660376678357
2001-08-06,-13.221478483086957,5.178761912561714,-10.909450221674383,-0.7899653007756113
2001-08-07,-13.74534803908194,6.0404837208816025,-10.017300040174227,0.6496636796877904
2001-08-08,-13.76381284208867,5.852899649053087,-9.305762938493748,-0.14653613248544983
2001-08-09,-15.126320276457724,6.653727392657283,-8.490524256463805,-2.363189610937101
2001-08-10,-14.652408212481154,4.826763248466909,-9.050589816009147,-1.446250552315063
2001-08-11,-15.339666408873093,4.336484579105785,-8.479598841618424,-2.08854483649625
2001-08-12,-13.868985451537522,2.955297756397031,-7.40423393845113,-1.5094021532407296
2001-08-13,-14.015249080930102,4.641243522786474,-7.341253518954325,-2.2126838016268824
2001-08-14,-13.991303522600495,4.104427897616926,-7.901851448292259,-2.2901157699322887
2001-08-15,-12.385344106490932,3.2364273352653417,-7.899902550921777,-1.5478938348412785
2001-08-16,-11.468080871852761,4.459717759427386,-6.442787541393127,-1.4668022118468644
2001-08-17,-12.324052349014915,5.9273338145511465,-4.6193493734550195,-2.610080795950547
2001-08-18,-12.5884994736255,6.070360373669522,-4.292185043074509,-3.5384501582680787
2001-08-19,-12.334024440336426,6.236059406642087,-4.539439768685287,-5.107457870181097
2001-08-20,-12.394506937577262,6.395333648009579,-2.733861918934533,-5.408773195037238
2001-08-21,-13.436794349026602,6.1563884060609,-4.067318447868832,-6.6757393062709065
2001-08-22,-12.935582157013009,4.6294402655841465,-5.636064228389175,-6.933467232479841
2001-08-23,-12.473945576692334,2.0979293257667226,-5.590628522574249,-6.652579377843216
2001-08-24,-12.34949048624865,2.451666138943907,-5.818199482276387,-4.867188736687478
2001-08-25,-10.477666696283459,2.173009643888536,-4.683225370787555,-5.157323514401036
2001-08-26,-12.606520061077822,1.9463312849198893,-5.052477049560606,-7.029314701403557
2001-08-27,-11.719234627805257,3.0133936243895114,-4.007019535254539,-8.264004178185207
2001-08-28,-12.598423263636901,2.4629431429477027,-2.290287815857999,-6.842662958355163
2001-08-29,-12.633351115382174,3.2234227213158175,0.7254405574997649,-6.114197630054818
2001-08-30,-11.478762595507026,3.051290304000637,0.6498862273855656,-4.737376635808262
2001-08-31,-11.095438458460418,3.947520697398236,0.701367062860284,-5.86883522311135
2001-09-01,-12.044263918296918,3.3355540389722047,0.31774137432341804,-5.815738384887645
2001-09-02,-12.10499013252358,4.355275830637366,0.6339686476128503,-5.519566022330616
2001-09-03,-13.934084318280524,3.535534866272861,0.4874644569619383,-4.667062533615439
2001-09-04,-14.447845624257265,4.689965160732733,2.0627149755006378,-5.217353511612112
2001-09-05,-13.629584719122775,4.183234703017316,1.3471211466018536,-6.22521160866112
2001-09-06,-12.083940973587293,1.5840062727229083,1.8828586063513124,-6.945742062823359
2001-09-07,-13.17059072465893,2.6407682499962726,2.753415367141128,-7.737216021869291
2001-09-08,-13.516255094148644,2.828674127234652,0.581636167223635,-7.765227280588272
2001-09-09,-14.563737619173748,3.898212594117642,0.10314949671965873,-8.164744071895608
2001-09-10,-13.57273400797832,3.8792336351507597,0.056485280400785376,-8.21781394791332
2001-09-11,-13.776234560592812,4.6432678093866695,1.1240553658076597,-8.561367403688806
2001-09-12,-12.835112305713373,4.735289311580131,0.5400120959167255,-9.410732391399007
2001-09-13,-12.461907872452798,4.366105079382206,0.7919211240491705,-9.427306396763687
2001-09-14,-13.454605109086248,4.342316827762658,-0.21337370673058198,-9.957622470622832
2001-09-15,-12.225292680966021,4.1887820740379125,-1.121300884006112,-9.902909582205824
2001-09-16,-12.161390293819494,3.6401897594572277,-0.4019105002792478,-9.791772788674686
2001-09-17,-12.78940149473941,3.617582687960915,-0.764373362351599,-9.627912920886471
2001-09-18,-11.979552902137359,2.848958733615138,1.442237422262708,-8.897003827016736
2001-09-19,-11.598770649140459,4.017035604037606,3.0193952941939806,-8.988000189404227
2001-09-20,-11.770291914743773,3.6026988999911653,4.271028100400905,-9.037118450178582
2001-09-21,-10.001102080949844,3.8288769861688494,3.4889630240035507,-9.642995407399358
2001-09-22,-10.166323926132119,3.072320933319106,3.697490750576688,-10.223982634956801
2001-09-23,-8.540490909271528,2.963486989475866,3.8377017411421868,-10.324448690556576
2001-09-24,-8.665013399069212,2.657686586096397,2.6103736920379363,-8.164504693043249
2001-09-25,-8.596967606885611,2.544430303155338,3.277340068787279,-7.557595058445711
2001-09-26,-8.110863231399973,0.2921502399061535,4.30010185960629,-7.000721932704699
2001-09-27,-8.497269020963229,0.37859700230314575,6.997834140065455,-5.627265890089158
2001-09-28,-7.733195046924865,-0.17044350956087495,6.953989854655431,-5.644384025665949
2001-09-29,-7.6987052261749,-0.24420638675925455,6.388611918240147,-6.519204685719874
2001-09-30,-9.28794696621604,0.9723444445200466,6.208984917464831,-6.654420024672312
2001-10-01,-9.80633484032779,0.405279260283509,3.9327267938139325,-6.580500504625678
2001-10-02,-8.679369227382818,1.0002519542267212,2.786803143970681,-7.989383486928922
2001-10-03,-8.234229011765684,1.3066323464740623,4.3358859147653686,-9.319267973459032
2001-10-04,-7.663723583831036,1.488292021013544,5.33038097910902,-10.005465468103097
2001-10-05,-7.032435132380529,1.429082355741813,5.546495343536659,-9.05080463006522
2001-10-06,-6.953272455875063,0.9973767252658583,6.342382285393102,-9.816078042682738
2001-10-07,-7.602254157148933,0.838293819643143,7.0564816347478345,-11.136554154032854
2001-10-08,-8.396743158581227,1.0401375513235585,4.417965998903015,-9.614934755899057
2001-10-09,-8.439483994300147,1.8166311394433985,3.417910008627375,-8.982082294454871
2001-10-10,-7.938949221003106,3.12318988854883,4.736577322826762,-8.842625499720006
2001-10-11,-10.10562602218554,2.301475255704179,2.644153180143232,-9.061565316772757
2001-10-12,-11.289302623123353,1.8359869908922963,2.5239662582747315,-9.2006072925379
2001-10-13,-9.719724180007313,1.3426297259171478,3.86892777385851,-9.762439250406784
2001-10-14,-8.06457336968808,0.5974364988638899,3.9825863688417447,-9.054420523447252
2001-10-15,-9.564345689561383,3.080298853190525,3.449206094300147,-9.10476219116537
2001-10-16,-11.609722259930239,4.503466569105761,3.8037366144790106,-7.823557183059836
2001-10-17,-12.503680571069859,4.379808667504226,4.5465596986715004,-6.907463485777176
2001-10-18,-12.67221209639583,5.29808340702569,4.576877464635676,-7.970293877176315
2001-10-19,-13.005574483629418,5.070955094641104,3.8859710477237304,-8.05564281609429
2001-10-20,-12.718164856138374,3.7480663086390784,3.6854122614017957,-6.45251289979237
2001-10-21,-13.674013688208387,3.5906030230572927,3.9090950055953915,-6.486819083956435
2001-10-22,-11.485788399230707,3.7118981157296598,5.106150302084375,-5.233580334912179
2001-10-23,-11.519506230956463,2.820028364684518,5.10230408412559,-4.852994081540295
2001-10-24,-10.549248971755235,3.4301058363895853,4.871408797641384,-5.797895701688115
2001-10-25,-13.668135364674326,2.5316543334854416,4.942991348476584,-6.429944284805845
2001-10-26,-12.830910351435783,1.9143253798521647,3.0026499716140767,-5.441742133526473
2001-10-27,-13.18407866048455,1.590044338174574,2.554120224883848,-6.895273518215836
2001-10-28,-12.440613596934302,0.3268473959258844,0.7186847869344222,-6.587360294164897
2001-10-29,-12.29567498602701,0.3204244078669101,1.6414558261136547,-7.697441296671783
2001-10-30,-11.853383327988276,2.273955831110644,0.9296391572019292,-5.935957582222642
2001-10-31,-12.522554585149212,0.6072715715637489,2.680223052967237,-4.557374312819064
2001-11-01,-11.75660780894806,1.8603787199884374,2.695432850105777,-3.979962193848493
2001-11-02,-12.718806437086897,2.370890892842209,3.284097325511411,-3.832248875543493
2001-11-03,-10.87035036277686,2.731076109641881,4.782075766895402,-4.205672820730889
2001-11-04,-11.279262132646998,2.784184533279961,6.138905891198408,-5.693848948540237
2001-11-05,-10.55147795290356,2.121466506060374,5.674429433260714,-4.5223102641020745
2001-11-06,-10.536002824451913,2.4079599661907976,5.655777253340422,-3.220764882650821
2001-11-07,-12.28818599801575,2.473296927317681,3.8778505617510675,-2.4641961109389303
2001-11-08,-12.331460376935075,2.8697775682361697,2.6032897307834104,-4.795342358663303
2001-11-09,-14.205006541122204,3.023640827090143,3.5138350463702426,-3.1079995702853163
2001-11-10,-14.56939732806895,2.986690013891113,3.0659631652064805,-4.046979717682955
2001-11-11,-14.483104430087426,2.563464040965492,2.130037319261972,-4.574822262242627
2001-11-12,-13.808440560156306,3.9499513737278074,1.0302084073466093,-5.311604442809157
2001-11-13,-12.609258592851198,4.686914583626779,0.5095367406621847,-5.623617837221355
2001-11-14,-11.485772586179994,3.2183773107787252,0.15334589497197226,-5.046121074984791
2001-11-15,-9.860781187503587,3.0864394568144315,2.071086569122922,-5.742143163290362
2001-11-16,-9.479384440744319,2.24802606837494,1.974892133021699,-4.248064136493483
2001-11-17,-9.750342913366985,3.2547599481239304,1.8584385274460828,-5.702061295189676
2001-11-18,-10.660268308744486,4.332016879349305,2.1367607629911154,-6.384584961159748
2001-11-19,-11.040972469084148,5.61705293875306,3.6005206140664345,-6.959562054876018
2001-11-20,-13.283823087195243,5.606858395706979,4.611587579294628,-6.315126206501342
2001-11-21,-14.143165319260174,6.438217960681547,5.200837432921963,-7.247172981783021
2001-11-22,-14.472129124748811,7.421434721639131,6.47698673933862,-7.993292305488682
2001-11-23,-15.094620114265853,7.293175447217268,5.6082665540357315,-9.367282119688843
2001-11-24,-14.04090768828666,8.48398575943643,5.50570467356491,-7.483606681535579
2001-11-25,-13.387143619022403,9.028168950522806,6.892801983799416,-8.109759353612676
2001-11-26,-12.6105102893144,8.29682103774093,5.541890946306612,-7.911526267165235
2001-11-27,-12.443745035760507,7.682609355815054,7.243242056973793,-8.786176254021045
2001-11-28,-11.476528026453504,7.447871938920594,8.73427777838699,-8.729869687036766
2001-11-29,-11.51362521052744,4.997531526034125,8.200243251798197,-9.658221911625368
2001-11-30,-13.027403866508337,4.309421953896495,7.879920620984123,-11.219668013451548
2001-12-01,-11.580483827744418,5.070176828906104,7.190212774820774,-10.382906258326193
2001-12-02,-11.629751441445597,4.906424590561966,7.065556885577247,-12.007818924542102
2001-12-03,-11.828231996158609,4.405185401993602,6.982420485714464,-12.105531232582255
2001-12-04,-12.726878101201867,5.445768249319977,7.672356875302792,-11.576966622946953
2001-12-05,-13.4679023402552,5.2846279681698975,5.933962687728208,-11.789789743100302
2001-12-06,-14.46165797580405,5.167623678844491,6.192913486947337,-13.282795937816317
2001-12-07,-14.288958819807853,5.457850470561164,6.721429344755183,-12.969278076540386
2001-12-08,-15.375083487221339,7.152996388881054,6.2095244460503265,-13.92567572651035
2001-12-09,-15.766687426610314,7.794564779775636,6.798075544393572,-13.461767689961865
2001-12-10,-17.52306241816158,7.421374790774301,8.505791676462206,-11.71096964501578
2001-12-11,-18.499647425986062,8.47921169094144,8.932238627219212,-9.46111781300024
2001-12-12,-18.90218111024363,8.609467659825034,8.282425601005814,-7.3502935417572655
2001-12-13,-18.622975889730313,8.377106187734864,7.5334279628087,-6.834061412995528
2001-12-14,-18.00561532374898,8.072118695929156,6.89198463100614,-7.929253154403227
2001-12-15,-16.84205559181676,8.996410679869685,6.496697989918064,-7.793340379044896
2001-12-16,-18.76065953066187,10.027518251340032,6.937922096739512,-7.648578828643486
2001-12-17,-18.588455496193554,8.960199743754835,8.061064774712264,-7.038380785725164
2001-12-18,-18.00133224278418,8.017373979337117,6.861052115486199,-8.828917338469372
2001-12-19,-16.956975184386344,7.568538538510982,8.117965323914069,-9.719829206143137
2001-12-20,-18.51521342234315,5.557665893475845,7.321468605692647,-11.09554035886185
2001-12-21,-18.57063490134368,5.7990325287645055,7.305386699823091,-11.338874925546222
2001-12-22,-19.089410882788506,5.966861864735777,6.309763893405373,-10.900132346840772
2001-12-23,-19.904219530703,5.302638949299729,6.182788442832769,-12.180859530799104
2001-12-24,-22.295390594535878,4.092381817965764,8.374984284353566,-10.334909003987532
2001-12-25,-21.661097843183132,5.272061618330749,7.190942800056512,-9.086193355669332
2001-12-26,-22.464760568077182,5.115223916739752,6.104700357056511,-9.456137844119858
2001-12-27,-23.026780371138717,4.212785158256453,6.912833361369105,-7.857700102983189
2001-12-28,-23.70010432972107,5.003308668570225,6.592028552891657,-9.699243453094592
2001-12-29,-23.615255142751145,5.302919600363714,7.355759159855433,-8.835701782822497
2001-12-30,-22.559330548290735,5.4003138323414115,6.745173661197784,-9.464379901350139
2001-12-31,-23.45409084038049,4.720625578782882,6.671070534589828,-8.183612438691114
2002-01-01,-24.965587599566465,4.425387599946742,7.828064574501813,-9.946623233624152
2002-01-02,-22.557418410679794,5.696118742772956,6.608863511836105,-10.628629117502488
2002-01-03,-22.1104874453919,5.71164023664618,8.229537318925287,-11.035902156284559
2002-01-04,-22.206022539845954,6.107689641622813,8.57344728770793,-10.975276689155296
2002-01-05,-21.83023204032378,4.572455846337725,10.404046638844514,-10.929558643337765
2002-01-06,-22.051398745706052,2.557939473199138,9.836815282568464,-9.350667454612429
2002-01-07,-24.948381617473473,2.0794882293540025,8.429588264383696,-9.213353194399199
2002-01-08,-27.006287596591278,0.7851496594077711,7.4654203532400265,-9.377439823098216
2002-01-09,-28.70099542585583,0.5006802163268285,7.072110408190792,-7.83820342005616
2002-01-10,-27.610850960641674,-0.014426844128310079,7.802187992129586,-8.049309197005904
2002-01-11,-28.397885923604605,0.5486076869143753,9.008295484676609,-9.297631840146174
2002-01-12,-29.68423928630588,0.443046442824035,7.964858512237172,-6.921500694340904
2002-01-13,-31.119738159632483,2.059974049763959,8.06783628961386,-6.663510714269542
2002-01-14,-31.40900814908662,1.8311664632109748,6.756071923959352,-6.958174730900463
2002-01-15,-30.619512075745714,4.014774101065979,7.868141515338168,-6.840354584130149
2002-01-16,-30.807556982733157,4.164409484497249,8.672532137127947,-6.614156223786826
2002-01-17,-30.727169186826725,5.098968889013442,9.103305665456634,-7.7128773995577316
2002-01-18,-30.195687527391048,4.4020692470784475,9.09300536229279,-7.085761198634744
2002-01-19,-30.211490215564485,4.402633862938988,9.610136092308919,-7.568689270048157
2002-01-20,-31.186658006266946,3.722067217586421,9.356649268921215,-9.550904468248744
2002-01-21,-31.66776973501942,4.570139476224718,9.984288103931442,-9.840798658309597
2002-01-22,-33.065888003318086,4.460916844605541,10.718746908085473,-8.492314734167131
2002-01-23,-31.873443877491546,4.082055172931272,12.142782508382052,-9.313415749366207
2002-01-24,-32.041269474728466,3.77234138949693,12.790558344901145,-9.516464715603401
2002-01-25,-33.95728586195979,3.101017379400265,13.416730746518057,-10.751360141485216
2002-01-26,-35.06223202188683,2.364082558921951,13.533877873761295,-9.95206199270878
2002-01-27,-35.27025430255432,1.6066592801377646,13.076021027296619,-10.502409076051723
2002-01-28,-34.804582725718426,2.6048716460235877,12.739920249793553,-11.276036732150923
2002-01-29,-35.97980722534038,3.1175574126868284,10.588216947708748,-11.124848136608806
2002-01-30,-37.048597142722954,2.048633088657732,9.270134709324271,-11.356317146350444
2002-01-31,-37.60666111475703,1.4838972549971645,8.84532403573598,-10.020191583931242
2002-02-01,-37.79103495681784,1.8086809399027068,10.375117955372438,-8.910946918708701
2002-02-02,-38.966443639279916,1.0229543793198306,10.024005983915801,-9.965648931917176
2002-02-03,-38.643905506929485,2.522742552301422,10.043397298317561,-10.656584279123805
2002-02-04,-39.30977496386356,2.1831328674189825,10.028642144984357,-10.473078316746797
2002-02-05,-38.63160897360777,3.520321004519684,9.462165315808502,-9.933054354694818
2002-02-06,-37.958951214391284,2.061185411344045,10.88862090009481,-12.36250866590302
2002-02-07,-37.26253775203102,1.186751294861414,10.751515389956522,-12.74372134674413
2002-02-08,-39.43350338407222,2.1666734145069064,9.834537456646895,-13.428262283753298
2002-02-09,-40.267158264298,3.844290643673989,9.943820771954872,-13.528880101583265
2002-02-10,-39.96490895694404,3.7152568519934164,9.534597353611899,-13.286462587399978
2002-02-11,-40.130711677710956,1.6889332466100742,7.866151802421797,-13.75663543504096
2002-02-12,-38.5941621209146,1.1030549161956362,8.093615432926228,-13.918923656169582
2002-02-13,-38.633515279482886,0.6955399614527993,7.600905190484152,-14.995290883953857
2002-02-14,-38.123212501401156,-0.3937429497358571,7.468740347351252,-15.736001614395724
2002-02-15,-38.19941857693492,-1.1142284259770923,7.646525265559585,-15.359975406333783
2002-02-16,-39.695068605126096,-2.0091092312810828,6.814963018628359,-14.710317337199234
2002-02-17,-39.00337988129127,-3.3047787674811318,5.8483070097074625,-15.267429531896212
2002-02-18,-39.72910941972656,-3.423251622418367,7.2426433734133555,-14.225792708077151
2002-02-19,-38.9875815194753,-5.728790641576969,6.565582759874016,-14.294385255152708
2002-02-20,-38.3445924855003,-6.133950094314256,4.8979414367248415,-14.207873086405906
2002-02-21,-38.02276219755369,-7.0731111831444915,3.5460239226212056,-14.130293196750346
2002-02-22,-38.711876662032644,-7.175169873516408,3.9483861766877992,-14.807970650494577
2002-02-23,-40.98128582145428,-7.56007297989215,3.357353076162293,-15.547562956514621
2002-02-24,-39.383021108743876,-6.485639930425289,3.012491931307799,-16.48543955972981
2002-02-25,-39.52539206749391,-7.611260542525628,0.9952916434644066,-16.94594138904369
2002-02-26,-40.175272283544366,-8.593204089441565,0.8258794858381932,-17.467528740622743
2002-02-27,-40.70180508904763,-8.213672513144145,2.7763274738592654,-17.476115805325012
2002-02-28,-41.893066162736616,-9.67767248607008,2.196209929072728,-17.007585283442133
2002-03-01,-42.366683211524716,-10.330167659196565,2.023128570488023,-16.691093020477133
2002-03-02,-42.884559108164595,-11.81103219769765,0.5483257998070532,-15.765998040635017
2002-03-03,-41.168505396284395,-11.400230080344523,1.3471800602916018,-16.276264545219064
2002-03-04,-40.29381583155422,-10.996152672273084,3.0649341280714206,-18.266002414620246
2002-03-05,-40.45685261846295,-11.76267194076552,1.4453529709434298,-17.74972724915631
2002-03-06,-41.29172121289133,-9.121453840368725,1.7227132548873592,-16.64845724106994
2002-03-07,-40.519661044953395,-7.721229456833289,2.494013711376145,-15.983445079207915
2002-03-08,-40.34006502470683,-6.596583528998343,3.993074567856194,-17.585066006980682
2002-03-09,-41.15700282475468,-6.886103620373916,4.604481249755953,-17.074578038845207
2002-03-10,-43.20398220230962,-6.763533999246366,2.383473056924093,-17.885010703217695
2002-03-11,-41.90985402391637,-5.994093682643569,3.984841280327041,-19.49426549155314
2002-03-12,-43.08882347841137,-5.32670583616578,3.852477552039868,-21.285163222096863
2002-03-13,-44.326592509839784,-4.310469830625054,3.1541082467570782,-20.282917301161092
2002-03-14,-44.379151934024655,-5.340173446303189,3.4690094497801374,-21.003707174315807
2002-03-15,-44.170860872961605,-3.401316481404006,3.3390970234617736,-19.355555974697793
2002-03-16,-43.63626414888691,-7.456120599990124,3.558814429618389,-18.948673052767536
2002-03-17,-42.45079367320892,-9.168887517770367,3.8498755880738034,-17.86302261799146
2002-03-18,-42.206004421258406,-10.285589887386232,3.8929226105644505,-18.54916251496721
2002-03-19,-41.75330176313434,-11.779752061610868,4.899927634080459,-18.22343596461447
2002-03-20,-41.49954393511616,-10.75583476306809,6.846252791710055,-17.721030499157063
2002-03-21,-41.22917811461295,-9.883071527588424,6.591013162809144,-17.918925471004986
2002-03-22,-41.17815471343898,-8.09118669123455,7.136358977342106,-17.034217466097363
2002-03-23,-42.18140937431538,-8.678186892772272,7.48313478668243,-17.571956712644017
2002-03-24,-42.42447148170247,-9.679565903260308,7.986322969995077,-18.49159840858231
2002-03-25,-41.809769813325616,-10.846158169463633,7.774551751958502,-18.69260057811427
2002-03-26,-41.89895709034588,-10.676267304775642,8.087821842779363,-16.543395358699854
2002-03-27,-41.094015597135254,-12.872217247172852,8.217141774834149,-16.25799285939572
2002-03-28,-39.83196394752365,-14.371359394347838,6.911345510733141,-15.959276464836918
2002-03-29,-39.446979291166016,-14.160354023441922,6.613488498846627,-15.499708987106775
2002-03-30,-37.6980848443511,-14.19296056728335,9.035803025540663,-15.719695800396286
2002-03-31,-38.08663061853264,-14.956027291121176,9.34288871397875,-16.953466615940535
2002-04-01,-36.69315587176608,-15.280148565648142,10.960711336145748,-17.38156488289736
2002-04-02,-36.21638248677688,-13.465456936892341,11.05575978986789,-17.804628494580665
2002-04-03,-35.85730587456131,-14.429291911390917,10.658448626162413,-19.029195872553867
2002-04-04,-36.765693009437186,-13.881237461049087,10.47667174959656,-18.329303172784016
2002-04-05,-35.05714964216085,-14.57476410363965,12.042427255349718,-17.988747439660994
2002-04-06,-35.108059969307604,-14.88001841425247,14.042450632244151,-16.941197519672393
2002-04-07,-37.21287222613576,-15.391579240770614,14.669993011580372,-14.845332547141702
2002-04-08,-37.06823701302718,-13.928546422333216,13.10480301632958,-13.383957329458827
2002-04-09,-37.138030618367736,-13.90987065801712,14.912113860016776,-13.770121245576611
2002-04-10,-38.806731384946275,-13.553494464408633,15.690610422234583,-13.36496712873013
2002-04-11,-39.716574033973465,-15.418756581706148,15.346187593981423,-13.342250889321258
2002-04-12,-41.02356055087216,-14.016773747011962,15.067661367569084,-14.071194320025171
2002-04-13,-40.5883586390556,-14.158162766010086,16.20879407236071,-16.38708478692691
2002-04-14,-41.49814147710425,-12.97060276389604,16.306378798030376,-17.998891524703435
2002-04-15,-40.75491237963479,-13.330247652483186,14.825363165983074,-17.56152766424805
2002-04-16,-39.70847092272251,-14.632106298233838,14.508012857164433,-17.720515955241666
2002-04-17,-41.27751266089108,-16.59883836266563,14.034022016884741,-19.37575593498501
2002-04-18,-41.22848294022642,-16.211211564697884,12.815258580874461,-20.02712103748134
2002-04-19,-39.00358000110513,-17.433393628594548,12.598351480957476,-20.93735496587229
2002-04-20,-38.71929252696291,-17.567452437733056,13.614595216759398,-19.800047723684656
2002-04-21,-39.3058835352502,-16.820102122934614,13.657980076524645,-21.00748991121898
2002-04-22,-40.10282600933451,-16.457821325163515,13.903465752512862,-21.163874522802082
2002-04-23,-39.53876132790296,-15.982874111731926,14.094984980286494,-20.46232906707751
2002-04-24,-39.59355515408288,-14.371017053530643,14.899654722919589,-19.19340121132092
2002-04-25,-40.27105387900834,-14.778750965632824,16.129053524323083,-19.159647374974046
2002-04-26,-41.08555157259528,-16.264700811416983,17.042333743880558,-19.18155353499578
2002-04-27,-41.18115238150031,-15.772559684185705,16.603719406360437,-17.63811578669013
2002-04-28,-40.73877594796013,-16.519839568050514,15.273784571603626,-17.80363950795196
2002-04-29,-39.387920575876656,-17.76991263500439,15.927997037322472,-16.729215004700915
2002-04-30,-39.60341787494172,-18.215640740753205,16.428085727471768,-16.892736943803317
2002-05-01,-40.375843384495475,-17.838441301993342,15.64331680102006,-16.026724304925747
2002-05-02,-42.04968297633329,-18.697619943875733,14.878486780621111,-16.760418221413
2002-05-03,-42.27679550367658,-17.304429477517452,13.497360558959391,-17.47820678727138
2002-05-04,-42.80075001818026,-17.241393773194073,13.97525003683446,-18.366423010063208
2002-05-05,-41.95561587075224,-17.91184418742675,13.149231884235894,-18.633625870747107
2002-05-06,-42.57123317013246,-16.811280078472105,12.300217542656563,-19.14438081156171
2002-05-07,-41.22890888171882,-19.093918003673803,14.05772972974061,-20.48864336482834
2002-05-08,-40.75139025846962,-18.436147155419906,14.336372649802053,-20.355916736455434
2002-05-09,-39.70796859659065,-18.522176620513775,13.756631031736694,-20.476859917879967
2002-05-10,-40.66023101377078,-17.888537971847512,14.71536120815126,-20.400691465811114
2002-05-11,-40.51986364635179,-20.375495933803084,14.61731212174428,-19.50970496765256
2002-05-12,-40.255756176353835,-20.57336956911319,13.33696539124663,-19.046499793995284
2002-05-13,-39.81208422766689,-19.629831860808086,13.598528432352845,-18.899808253446313
2002-05-14,-39.196893794899005,-19.32588136466603,12.79334286725408,-19.410954002220294
2002-05-15,-38.56161693208546,-19.02339146581382,13.324218782105365,-17.09576011203195
2002-05-16,-38.08105537894488,-18.526252147858802,14.974702005496395,-16.496492637271054
2002-05-17,-39.48613922355095,-19.01799308718764,14.048439260254694,-16.371343493273287
2002-05-18,-37.66161504188197,-19.23306548258723,14.17754096398698,-16.862179886514284
2002-05-19,-36.7777552347382,-19.834341243134997,14.315128995687923,-15.971846396551603
2002-05-20,-39.1129128330427,-20.79366547009254,14.319748216331257,-14.925558574655737
2002-05-21,-38.92422318136487,-20.634688048828835,16.070636950185374,-16.77224280842961
2002-05-22,-40.304501483728636,-18.713292068349404,17.739483973586132,-15.165644432052456
2002-05-23,-39.35957028076351,-17.92204997589746,16.166297900232877,-14.918763133131291
2002-05-24,-38.542666223253825,-16.37636677577812,15.806141836053458,-15.42134752950405
2002-05-25,-39.88253109550942,-15.890466214623311,16.05464050973142,-15.963906120869856
2002-05-26,-38.723170568343825,-13.076989668596175,15.081690702337577,-17.04910769364119
2002-05-27,-37.20447078014703,-12.930821643610217,15.035411874079193,-15.913426601216417
2002-05-28,-38.12917460954726,-12.29080434499588,14.64147894791289,-16.552830625208582
2002-05-29,-38.767651324115356,-10.190963388618178,14.409400006098979,-15.695969548163275
2002-05-30,-37.37718688397894,-11.839095212859966,13.73506813047591,-12.617118414660531
2002-05-31,-37.53052434823079,-12.465737301341967,11.91987436038259,-11.993766945814986
2002-06-01,-38.30210693169656,-12.280712556269334,11.132768832271372,-12.120888366643253
2002-06-02,-38.134106999703604,-12.288508595850068,10.845429586808956,-11.398014136973012
2002-06-03,-36.65758240967033,-11.60221891482805,11.642086767740818,-12.639108221684587
2002-06-04,-37.33818513593042,-11.333413038113655,10.298944133339923,-12.606030919038666
2002-06-05,-37.07933234121538,-11.891720965710922,8.84915046994787,-12.954120362122572
2002-06-06,-38.21909390803321,-11.271584217069687,8.25468066287115,-13.40140337095999
2002-06-07,-37.89547576999022,-12.242493359556958,7.489028601473939,-13.611923025644016
2002-06-08,-38.42666692011692,-12.409285244039685,8.99771290040547,-13.567010757891474
2002-06-09,-37.27260131912509,-11.667632244882283,8.912035892797844,-11.440897213694218
2002-06-10,-37.095965028280716,-13.016949377929317,9.713671178466743,-11.729692746137212
2002-06-11,-38.83623755497426,-12.097270511668693,9.044633484818851,-13.097522002637776
2002-06-12,-38.45250595688255,-13.166863441315835,9.612490737428754,-13.16780286611097
2002-06-13,-39.69093593767458,-12.33810420478257,11.04007808830315,-13.740811088163111
2002-06-14,-39.28634281950656,-12.545561186621116,9.946950900760601,-14.118588685930588
2002-06-15,-38.771259522658625,-13.90896546201414,10.66820187616519,-14.90915077042841
2002-06-16,-37.83103571252248,-14.215936428993146,10.479810140259488,-17.519269884038792
2002-06-17,-37.90853912205092,-15.365557536711552,10.821395633426253,-18.38361232406512
2002-06-18,-38.620585074428966,-14.305171733470896,9.615715269035883,-17.76504394377863
2002-06-19,-40.174560536108224,-15.471546973974046,9.849580922251135,-15.94335252663187
2002-06-20,-41.282656830976755,-16.24043143655719,10.595840086111433,-15.602981551193155
2002-06-21,-40.12383146314773,-15.06153158250073,8.459532124286376,-13.173792939528752
2002-06-22,-38.50980703147855,-14.003463715867388,8.44495427903527,-12.995837471200359
2002-06-23,-38.59116801334554,-14.81289121729796,7.595463358928411,-13.355686081129518
2002-06-24,-37.452542295989105,-16.01573956455911,7.827277107734403,-13.339641178200365
2002-06-25,-38.225765141018655,-16.331240395249637,6.1141964310321875,-10.938155575832345
2002-06-26,-37.13389661762989,-17.10836787038864,4.131900781744308,-9.285707794023518
2002-06-27,-36.95509174462947,-18.127387544112135,4.1670115420697735,-9.756597691081542
2002-06-28,-35.903795014313076,-16.937673071571222,4.208934644113901,-8.415981458742866
2002-06-29,-35.70763285136319,-17.39577904795603,2.5495590422486676,-7.161971481313418
2002-06-30,-35.31956467114965,-17.63335604194786,1.0009412105987145,-7.616708473943314
2002-07-01,-34.925895677556156,-19.165850763407274,-0.05498760879622533,-6.299163824484683
2002-07-02,-34.98849685602156,-18.336860265546377,0.25839981744496854,-5.8621765542443995
2002-07-03,-35.481351227575416,-17.549144576482718,0.7510141275232158,-5.072009290196044
2002-07-04,-35.165812380941226,-16.361760479863538,0.8190325221538209,-6.413246677500453
2002-07-05,-35.71932079045229,-16.563768172857028,0.29253765301476975,-6.308647966267263
2002-07-06,-35.62852248992443,-16.136512043650978,0.28037053189862693,-8.268615431422992
2002-07-07,-37.667035703607276,-17.123045526512154,2.0088712879668877,-9.338795472822204
2002-07-08,-38.613346102477685,-18.91945337474129,0.4613029384421672,-9.981440626999273
2002-07-09,-39.03763516939734,-18.10234304827682,-0.7367402499381983,-10.147272069705407
2002-07-10,-38.262556875698515,-18.747469267938712,-1.3798334240168817,-11.453020522043671
2002-07-11,-38.66972566206386,-20.105876095925737,-1.2286719156721142,-10.718764114997413
2002-07-12,-38.07312540538171,-18.953492847564213,-1.1795147733846,-11.363480402888394
2002-07-13,-36.299232171628724,-18.1219211833736,0.26881841242361393,-11.00045022943217
2002-07-14,-37.099188494533664,-18.109252095506186,-0.769004864924975,-12.420649150923952
2002-07-15,-38.35782647805559,-18.54648177795568,-1.9397448538157052,-13.190531560270893
2002-07-16,-38.400403613495136,-19.316117238283404,-2.8829515429727475,-12.342406678906599
2002-07-17,-37.33318579290022,-19.8831670118298,-1.666384014728495,-13.957527973680179
2002-07-18,-37.17342287024311,-19.143783369890272,-1.9253989634089108,-14.750266132038979
2002-07-19,-36.526912733015145,-19.043799678926895,-2.1448278579291213,-15.359601007187054
2002-07-20,-36.39264661868211,-19.61446016366786,-2.8647265705055234,-16.29958385768135
2002-07-21,-36.9577513151016,-17.728176304159835,-0.2915791994996857,-16.974039839673956
2002-07-22,-36.55685031245655,-16.710461552238197,1.3027196937507053,-16.424458863023442
2002-07-23,-34.775011863876145,-18.203457909184074,1.142929451518696,-17.40169900862612
2002-07-24,-35.00092488397376,-18.23909138697226,3.041546461209818,-17.88960845343338
2002-07-25,-34.035184336663576,-17.059587604988728,4.528496427534043,-17.310438468866586
2002-07-26,-31.95629891003488,-18.01396839366981,4.648067987035533,-17.785226176271934
2002-07-27,-31.623453960665312,-19.665389261993674,5.923050468071655,-17.525874327965088
2002-07-28,-31.669134493298266,-22.274109229173877,6.53842238995753,-17.659671671133705
2002-07-29,-33.01595537135413,-21.788001809770293,8.398630876505099,-18.00114799661144
2002-07-30,-34.50164665865869,-23.359629890072434,8.415401237829657,-18.625954156237913
2002-07-31,-35.34635221550908,-24.786198470801907,8.997033188131251,-20.397042637249843
2002-08-01,-34.8609679441767,-24.281265130169317,6.93590801619718,-19.972330012010097
2002-08-02,-34.000878715626044,-25.43062282331838,6.5015238816355,-18.987529561399025
2002-08-03,-33.44569688154866,-24.941528746033544,5.637827379667006,-18.845873566108196
2002-08-04,-33.04574121743735,-26.314462344660576,5.552507281334094,-20.52369537517798
2002-08-05,-32.74008560175172,-26.006736763035356,5.344367495022805,-20.913039874279097
2002-08-06,-31.481786218980606,-26.185148662000433,5.874829588561327,-20.13016782986751
2002-08-07,-33.085084727866395,-25.77654616113064,5.565250869546213,-20.390764567080048
2002-08-08,-33.35005493854915,-24.25388027321946,6.496168359004142,-20.89831928231312
2002-08-09,-32.548489310278,-23.795529590422213,6.1214942084339565,-21.81583857981536
2002-08-10,-34.446939248497316,-23.68659067738788,6.748191639236129,-21.82648598018991
2002-08-11,-35.10963732868577,-23.928351493906455,6.0254388695862,-23.36447388637894
2002-08-12,-35.083662795985255,-22.533813224763055,6.228587466266962,-23.39905396764509
2002-08-13,-34.38362036972494,-21.404690914039833,6.792460549487745,-22.042583820400022
2002-08-14,-32.363944450872545,-21.648889578028122,6.9063843555960185,-20.94533720512611
2002-08-15,-32.39256587938847,-21.53887793890133,8.452152343090054,-21.567605232052447
2002-08-16,-32.39266042760561,-23.229272375939843,9.21444356650194,-22.245983697748226
2002-08-17,-31.593211585664363,-24.65939400131124,11.021920759215496,-21.86755090397976
2002-08-18,-29.85571579515443,-25.817397978484586,10.170740045962145,-22.198440380999187
2002-08-19,-30.27279134737475,-26.706220761910096,11.332581749927087,-22.267856175787834
2002-08-20,-31.786714504056427,-28.09524800236488,11.817836674035144,-23.877269620455916
2002-08-21,-31.770916808881353,-26.56606921655817,13.28867607335588,-24.43981153004293
2002-08-22,-31.69089846226528,-27.09008502654055,13.21598476569322,-23.93313132988764
2002-08-23,-30.94824467238645,-27.418404629482247,13.309170983008036,-23.36384601561133
2002-08-24,-30.531958085671533,-25.281658759668986,13.02519137793248,-22.034514080525675
2002-08-25,-31.04867976878292,-25.131085415223957,12.710204149131933,-22.460368361632057
2002-08-26,-30.82277511998218,-24.22637087822558,13.19952000254257,-22.64868089886917
2002-08-27,-31.941345735115803,-25.190926108296093,13.14591932179695,-23.060187053699778
2002-08-28,-32.72807093239525,-25.533426030029343,14.122751657325667,-22.27975094004451
2002-08-29,-35.59709106078474,-25.138487371834877,14.93640575676183,-22.660727394393337
2002-08-30,-35.592466412238046,-24.738712770230016,15.863795974668015,-21.013002642091205
2002-08-31,-34.092325440944514,-24.421440691804964,15.9173894156671,-21.522735102866214
2002-09-01,-34.837924261345506,-25.58531923781224,17.70861371710691,-20.984242410187125
2002-09-02,-34.25600432982064,-26.27329497430345,15.992630516488768,-21.78758812731445
2002-09-03,-34.504376523252866,-26.762354470205246,16.239099324106235,-21.598497241611238
2002-09-04,-34.993612709823644,-28.107362830705878,17.25929233937278,-21.36673459164161
2002-09-05,-35.15534761837904,-25.961723853198002,16.39697739597915,-20.9025096828093
2002-09-06,-34.05158719774531,-26.739930342300806,18.00047751500129,-23.252406502116592
2002-09-07,-32.80029262088076,-26.69163942604924,16.771359560480775,-23.093191941745857
2002-09-08,-33.12133058040377,-27.420149903318546,16.423614475262813,-23.079924879359474
2002-09-09,-34.64410488885498,-27.684416414888872,15.747759012053494,-25.021551680245995
2002-09-10,-34.17805945999202,-28.859090622597535,14.455475503760928,-24.91310829876615
2002-09-11,-33.434546912601036,-28.022043143766766,13.902174523700912,-24.662807062109025
2002-09-12,-33.66925167734931,-27.58892618391985,12.846111530551832,-26.392088806939842
2002-09-13,-33.84854820287052,-28.742568030267748,11.334664582601544,-25.367213573183687
2002-09-14,-33.73381071868005,-26.576059524660945,12.413748622330466,-25.67040982056763
2002-09-15,-33.45840724248516,-26.81891316010767,13.271931959245073,-24.249010999557484
2002-09-16,-32.6896570608047,-26.8022871029063,14.61954172131058,-22.546968692212655
2002-09-17,-32.21166015682195,-26.260097069244647,16.612523739441134,-22.460398637652556
2002-09-18,-31.68184508723437,-25.013011097590503,17.767138927979143,-21.62549586764226
2002-09-19,-33.042043499692674,-24.603378171019113,19.001881486032474,-22.896243734879143
2002-09-20,-33.48380886276012,-24.95425514177638,20.045335571729794,-23.370987631303116
2002-09-21,-34.90200904625996,-26.742664816442833,20.32494319699385,-21.096474010060444
2002-09-22,-35.36926570534465,-27.857004632896373,21.06895512252587,-20.86454434625648
2002-09-23,-36.255880274978686,-28.0169283718471,20.164823376691988,-20.125651321925822
2002-09-24,-36.84788097753017,-28.5531896948226,19.576734976780664,-19.895796831664633
2002-09-25,-37.539439612122784,-28.698330694581546,20.43652590754217,-21.27318432944876
2002-09-26,-39.05589177770395,-27.60515183616645,19.92675651509076,-20.889717925032787
